﻿<?xml version="1.0" encoding="utf-8"?>
<Application>
  <Views Id="Views">
    <DashboardView Id="EmployeeListView">
      <Layout Id="Layout">
        <LayoutGroup Id="Main">
          <LayoutItem Id="Employee_DetailView" ViewItem="Employee_DetailView" />
        </LayoutGroup>
      </Layout>
    </DashboardView>
    <DashboardView Id="EmployeeCardListView">
      <Layout Id="Layout">
        <LayoutGroup Id="Main">
          <LayoutItem Id="Employee_ListView" ViewItem="Employee_ListView" />
        </LayoutGroup>
      </Layout>
    </DashboardView>
  </Views>
</Application>