﻿<XtraSerializer version="1.0" application="View">
  <property name="#LayoutVersion" />
  <property name="#LayoutScaleFactor">@1,Width=1@1,Height=1</property>
  <property name="OptionsView" isnull="true" iskey="true">
    <property name="AllowHtmlDrawHeaders">true</property>
    <property name="ShowFooter">true</property>
    <property name="ShowGroupPanel">false</property>
    <property name="ShowVerticalLines">False</property>
    <property name="ShowIndicator">false</property>
  </property>
  <property name="OptionsEditForm" isnull="true" iskey="true">
    <property name="PopupEditFormWidth">1200</property>
  </property>
  <property name="FixedLineWidth">1</property>
  <property name="IndicatorWidth">-1</property>
  <property name="ColumnPanelRowHeight">-1</property>
  <property name="RowSeparatorHeight">0</property>
  <property name="FooterPanelHeight">-1</property>
  <property name="HorzScrollVisibility">Auto</property>
  <property name="VertScrollVisibility">Auto</property>
  <property name="RowHeight">-1</property>
  <property name="GroupRowHeight">-1</property>
  <property name="GroupFormat">{0}: [#image]{1} {2}</property>
  <property name="ChildGridLevelName" />
  <property name="VertScrollTipFieldName" />
  <property name="PreviewFieldName" />
  <property name="GroupPanelText" />
  <property name="NewItemRowText" />
  <property name="LevelIndent">-1</property>
  <property name="PreviewIndent">-1</property>
  <property name="PreviewLineCount">-1</property>
  <property name="ScrollStyle">LiveVertScroll, LiveHorzScroll</property>
  <property name="FocusRectStyle">CellFocus</property>
  <property name="HorzScrollStep">0</property>
  <property name="ActiveFilterEnabled">true</property>
  <property name="ViewCaptionHeight">-1</property>
  <property name="Columns" iskey="true" value="6">
    <property name="Item1" isnull="true" iskey="true">
      <property name="Name">colProduct</property>
      <property name="OptionsColumn" isnull="true" iskey="true">
        <property name="AllowFocus">false</property>
      </property>
      <property name="Caption">&lt;b&gt;PRODUCT&lt;/b&gt;</property>
      <property name="ImageAlignment">Near</property>
      <property name="ImageIndex">-1</property>
      <property name="FieldName">Product.Name</property>
      <property name="ColumnEditName" />
      <property name="VisibleIndex">0</property>
      <property name="Visible">true</property>
      <property name="Width">75</property>
      <property name="MinWidth">20</property>
      <property name="MaxWidth">0</property>
      <property name="UnboundDataTypeName" />
    </property>
    <property name="Item2" isnull="true" iskey="true">
      <property name="Name">colProductUnits</property>
      <property name="OptionsColumn" isnull="true" iskey="true">
        <property name="AllowFocus">false</property>
      </property>
      <property name="Caption">UNITS</property>
      <property name="ImageAlignment">Near</property>
      <property name="ImageIndex">-1</property>
      <property name="FieldName">ProductUnits</property>
      <property name="ColumnEditName" />
      <property name="VisibleIndex">1</property>
      <property name="Visible">true</property>
      <property name="Width">75</property>
      <property name="MinWidth">20</property>
      <property name="MaxWidth">0</property>
      <property name="UnboundDataTypeName" />
      <property name="Summary" iskey="true" value="1">
        <property name="Item1" isnull="true" iskey="true">
          <property name="Tag" isnull="true" />
          <property name="FieldName">ProductUnits</property>
          <property name="SummaryType">Sum</property>
          <property name="Mode">AllRows</property>
          <property name="DisplayFormat">SUM={0}</property>
        </property>
      </property>
    </property>
    <property name="Item3" isnull="true" iskey="true">
      <property name="Name">colProductPrice</property>
      <property name="OptionsColumn" isnull="true" iskey="true">
        <property name="AllowFocus">false</property>
      </property>
      <property name="Caption">UNIT PRICE</property>
      <property name="ImageAlignment">Near</property>
      <property name="ImageIndex">-1</property>
      <property name="FieldName">ProductPrice</property>
      <property name="ColumnEditName" />
      <property name="VisibleIndex">2</property>
      <property name="Visible">true</property>
      <property name="Width">75</property>
      <property name="DisplayFormat" isnull="true" iskey="true">
        <property name="FormatString">c</property>
        <property name="FormatType">Numeric</property>
      </property>
      <property name="MinWidth">20</property>
      <property name="MaxWidth">0</property>
      <property name="UnboundDataTypeName" />
    </property>
    <property name="Item4" isnull="true" iskey="true">
      <property name="Name">colDiscount</property>
      <property name="OptionsColumn" isnull="true" iskey="true">
        <property name="AllowFocus">false</property>
      </property>
      <property name="Caption">DISCOUNT</property>
      <property name="ImageAlignment">Near</property>
      <property name="ImageIndex">-1</property>
      <property name="FieldName">Discount</property>
      <property name="ColumnEditName" />
      <property name="VisibleIndex">3</property>
      <property name="Visible">true</property>
      <property name="Width">75</property>
      <property name="DisplayFormat" isnull="true" iskey="true">
        <property name="FormatString">c</property>
        <property name="FormatType">Numeric</property>
      </property>
      <property name="MinWidth">20</property>
      <property name="MaxWidth">0</property>
      <property name="UnboundDataTypeName" />
      <property name="Summary" iskey="true" value="1">
        <property name="Item1" isnull="true" iskey="true">
          <property name="Tag" isnull="true" />
          <property name="FieldName">Discount</property>
          <property name="SummaryType">Average</property>
          <property name="Mode">AllRows</property>
          <property name="DisplayFormat">AVG={0:c}</property>
        </property>
      </property>
    </property>
    <property name="Item5" isnull="true" iskey="true">
      <property name="Name">colTotal</property>
      <property name="OptionsColumn" isnull="true" iskey="true">
        <property name="AllowFocus">false</property>
      </property>
      <property name="Caption">TOTAL</property>
      <property name="ImageAlignment">Near</property>
      <property name="ImageIndex">-1</property>
      <property name="FieldName">Total</property>
      <property name="ColumnEditName" />
      <property name="VisibleIndex">4</property>
      <property name="Visible">true</property>
      <property name="Width">75</property>
      <property name="DisplayFormat" isnull="true" iskey="true">
        <property name="FormatString">c</property>
        <property name="FormatType">Numeric</property>
      </property>
      <property name="MinWidth">20</property>
      <property name="MaxWidth">0</property>
      <property name="UnboundDataTypeName" />
      <property name="Summary" iskey="true" value="1">
        <property name="Item1" isnull="true" iskey="true">
          <property name="Tag" isnull="true" />
          <property name="FieldName">Total</property>
          <property name="SummaryType">Sum</property>
          <property name="Mode">AllRows</property>
          <property name="DisplayFormat">SUM={0:c}</property>
        </property>
      </property>
    </property>
    <property name="Item6" isnull="true" iskey="true">
      <property name="Name">colId</property>
      <property name="OptionsColumn" isnull="true" iskey="true">
        <property name="AllowFocus">false</property>
      </property>
      <property name="ImageAlignment">Near</property>
      <property name="ImageIndex">-1</property>
      <property name="FieldName">Id</property>
      <property name="ColumnEditName" />
      <property name="Width">75</property>
      <property name="MinWidth">20</property>
      <property name="MaxWidth">0</property>
      <property name="UnboundDataTypeName" />
    </property>
  </property>
  <property name="ViewCaption" />
  <property name="BorderStyle">Default</property>
  <property name="SynchronizeClones">true</property>
  <property name="DetailTabHeaderLocation">Top</property>
  <property name="Name">gridViewOrderItems</property>
  <property name="DetailHeight">512</property>
  <property name="Tag" isnull="true" />
  <property name="GroupSummary" iskey="true" value="0" />
  <property name="ActiveFilterString" />
  <property name="FormatRules" iskey="true" value="0" />
  <property name="FormatConditions" iskey="true" value="0" />
  <property name="GroupSummarySortInfoState" />
  <property name="FindFilterText" />
  <property name="FindPanelVisible">false</property>
</XtraSerializer>