﻿<XtraSerializer version="1.0" application="View">
  <property name="#LayoutVersion" />
  <property name="#LayoutScaleFactor">@1,Width=1@1,Height=1</property>
  <property name="OptionsBehavior" isnull="true" iskey="true">
    <property name="AllowPixelScrolling">False</property>
    <property name="AutoExpandAllGroups">true</property>
    <property name="Editable">false</property>
    <property name="ReadOnly">true</property>
  </property>
  <property name="OptionsDetail" isnull="true" iskey="true">
    <property name="DetailMode">Embedded</property>
    <property name="SmartDetailExpandButtonMode">AlwaysEnabled</property>
    <property name="AllowZoomDetail">false</property>
    <property name="ShowDetailTabs">false</property>
    <property name="SmartDetailHeight">true</property>
  </property>
  <property name="OptionsView" isnull="true" iskey="true">
    <property name="ShowGroupPanel">false</property>
    <property name="ShowVerticalLines">False</property>
  </property>
  <property name="OptionsFind" isnull="true" iskey="true">
    <property name="ShowFindButton">false</property>
    <property name="ShowClearButton">false</property>
    <property name="AlwaysVisible">true</property>
    <property name="FindNullPrompt">Search Orders (Ctrl + F)</property>
  </property>
  <property name="OptionsMenu" isnull="true" iskey="true">
    <property name="ShowConditionalFormattingItem">true</property>
  </property>
  <property name="OptionsEditForm" isnull="true" iskey="true">
    <property name="PopupEditFormWidth">1200</property>
  </property>
  <property name="FixedLineWidth">1</property>
  <property name="IndicatorWidth">-1</property>
  <property name="ColumnPanelRowHeight">-1</property>
  <property name="RowSeparatorHeight">0</property>
  <property name="FooterPanelHeight">-1</property>
  <property name="HorzScrollVisibility">Auto</property>
  <property name="VertScrollVisibility">Auto</property>
  <property name="RowHeight">-1</property>
  <property name="GroupRowHeight">-1</property>
  <property name="GroupFormat">{0}: [#image]{1} {2}</property>
  <property name="ChildGridLevelName" />
  <property name="VertScrollTipFieldName" />
  <property name="PreviewFieldName" />
  <property name="GroupPanelText" />
  <property name="NewItemRowText" />
  <property name="LevelIndent">-1</property>
  <property name="PreviewIndent">-1</property>
  <property name="PreviewLineCount">-1</property>
  <property name="ScrollStyle">LiveVertScroll, LiveHorzScroll</property>
  <property name="FocusRectStyle">CellFocus</property>
  <property name="HorzScrollStep">0</property>
  <property name="ActiveFilterEnabled">true</property>
  <property name="ViewCaptionHeight">-1</property>
  <property name="Columns" iskey="true" value="13">
    <property name="Item1" isnull="true" iskey="true">
      <property name="Name">colPaymentStatus</property>
      <property name="OptionsColumn" isnull="true" iskey="true">
        <property name="ShowCaption">false</property>
        <property name="AllowMove">false</property>
        <property name="AllowFocus">false</property>
        <property name="FixedWidth">true</property>
      </property>
      <property name="ImageAlignment">Near</property>
      <property name="ImageIndex">-1</property>
      <property name="FieldName">PaymentStatus</property>
      <property name="ColumnEditName" />
      <property name="VisibleIndex">0</property>
      <property name="Visible">true</property>
      <property name="Width">40</property>
      <property name="MinWidth">20</property>
      <property name="MaxWidth">0</property>
      <property name="UnboundDataTypeName" />
    </property>
    <property name="Item2" isnull="true" iskey="true">
      <property name="Name">colShipmentStatus</property>
      <property name="OptionsColumn" isnull="true" iskey="true">
        <property name="ShowCaption">false</property>
        <property name="AllowMove">false</property>
        <property name="AllowFocus">false</property>
        <property name="FixedWidth">true</property>
      </property>
      <property name="ImageAlignment">Near</property>
      <property name="ImageIndex">-1</property>
      <property name="FieldName">ShipmentStatus</property>
      <property name="ColumnEditName" />
      <property name="VisibleIndex">1</property>
      <property name="Visible">true</property>
      <property name="Width">40</property>
      <property name="MinWidth">20</property>
      <property name="MaxWidth">0</property>
      <property name="UnboundDataTypeName" />
    </property>
    <property name="Item3" isnull="true" iskey="true">
      <property name="Name">colInvoiceNumber</property>
      <property name="OptionsColumn" isnull="true" iskey="true">
        <property name="AllowFocus">false</property>
      </property>
      <property name="Caption">INVOICE #</property>
      <property name="ImageAlignment">Near</property>
      <property name="ImageIndex">-1</property>
      <property name="FieldName">InvoiceNumber</property>
      <property name="ColumnEditName" />
      <property name="VisibleIndex">2</property>
      <property name="Visible">true</property>
      <property name="Width">70</property>
      <property name="MinWidth">20</property>
      <property name="MaxWidth">0</property>
      <property name="UnboundDataTypeName" />
    </property>
    <property name="Item4" isnull="true" iskey="true">
      <property name="Name">colOrderDate</property>
      <property name="OptionsColumn" isnull="true" iskey="true">
        <property name="AllowFocus">false</property>
      </property>
      <property name="Caption">ORDER DATE</property>
      <property name="ImageAlignment">Near</property>
      <property name="ImageIndex">-1</property>
      <property name="FieldName">OrderDate</property>
      <property name="ColumnEditName" />
      <property name="VisibleIndex">3</property>
      <property name="Visible">true</property>
      <property name="Width">78</property>
      <property name="MinWidth">20</property>
      <property name="MaxWidth">0</property>
      <property name="UnboundDataTypeName" />
    </property>
    <property name="Item5" isnull="true" iskey="true">
      <property name="Name">colTotalAmount</property>
      <property name="OptionsColumn" isnull="true" iskey="true">
        <property name="AllowFocus">false</property>
      </property>
      <property name="Caption">ORDER TOTAL</property>
      <property name="ImageAlignment">Near</property>
      <property name="ImageIndex">-1</property>
      <property name="FieldName">TotalAmount</property>
      <property name="ColumnEditName" />
      <property name="VisibleIndex">8</property>
      <property name="Visible">true</property>
      <property name="Width">90</property>
      <property name="DisplayFormat" isnull="true" iskey="true">
        <property name="FormatString">c</property>
        <property name="FormatType">Numeric</property>
      </property>
      <property name="MinWidth">20</property>
      <property name="MaxWidth">0</property>
      <property name="UnboundDataTypeName" />
    </property>
    <property name="Item6" isnull="true" iskey="true">
      <property name="Name">colStore</property>
      <property name="OptionsColumn" isnull="true" iskey="true">
        <property name="AllowFocus">false</property>
      </property>
      <property name="Caption">STORE</property>
      <property name="ImageAlignment">Near</property>
      <property name="ImageIndex">-1</property>
      <property name="FieldName">Store.CrestCity</property>
      <property name="ColumnEditName" />
      <property name="VisibleIndex">6</property>
      <property name="Visible">true</property>
      <property name="Width">80</property>
      <property name="MinWidth">20</property>
      <property name="MaxWidth">0</property>
      <property name="UnboundDataTypeName" />
    </property>
    <property name="Item7" isnull="true" iskey="true">
      <property name="Name">colCustomer</property>
      <property name="OptionsColumn" isnull="true" iskey="true">
        <property name="AllowFocus">false</property>
      </property>
      <property name="Caption">COMPANY</property>
      <property name="ImageAlignment">Near</property>
      <property name="ImageIndex">-1</property>
      <property name="FieldName">Customer.Name</property>
      <property name="ColumnEditName" />
      <property name="VisibleIndex">5</property>
      <property name="Visible">true</property>
      <property name="Width">88</property>
      <property name="MinWidth">20</property>
      <property name="MaxWidth">0</property>
      <property name="UnboundDataTypeName" />
    </property>
    <property name="Item8" isnull="true" iskey="true">
      <property name="Name">colShipDate1</property>
      <property name="OptionsColumn" isnull="true" iskey="true">
        <property name="AllowFocus">false</property>
      </property>
      <property name="Caption">SHIP DATE</property>
      <property name="ImageAlignment">Near</property>
      <property name="ImageIndex">-1</property>
      <property name="FieldName">ShipDate</property>
      <property name="ColumnEditName" />
      <property name="VisibleIndex">4</property>
      <property name="Visible">true</property>
      <property name="Width">78</property>
      <property name="MinWidth">20</property>
      <property name="MaxWidth">0</property>
      <property name="UnboundDataTypeName" />
    </property>
    <property name="Item9" isnull="true" iskey="true">
      <property name="Name">colShippingAmount</property>
      <property name="OptionsColumn" isnull="true" iskey="true">
        <property name="AllowFocus">false</property>
      </property>
      <property name="Caption">SHIPPING AMOUNT</property>
      <property name="ImageAlignment">Near</property>
      <property name="ImageIndex">-1</property>
      <property name="FieldName">ShippingAmount</property>
      <property name="ColumnEditName" />
      <property name="VisibleIndex">7</property>
      <property name="Visible">true</property>
      <property name="Width">110</property>
      <property name="DisplayFormat" isnull="true" iskey="true">
        <property name="FormatString">c</property>
        <property name="FormatType">Numeric</property>
      </property>
      <property name="MinWidth">20</property>
      <property name="MaxWidth">0</property>
      <property name="UnboundDataTypeName" />
    </property>
    <property name="Item10" isnull="true" iskey="true">
      <property name="Name">colPaymentTotal</property>
      <property name="OptionsColumn" isnull="true" iskey="true">
        <property name="AllowFocus">false</property>
      </property>
      <property name="Caption">PAYMENT TOTAL</property>
      <property name="ImageAlignment">Near</property>
      <property name="ImageIndex">-1</property>
      <property name="FieldName">PaymentTotal</property>
      <property name="ColumnEditName" />
      <property name="VisibleIndex">9</property>
      <property name="Visible">true</property>
      <property name="Width">90</property>
      <property name="DisplayFormat" isnull="true" iskey="true">
        <property name="FormatString">c</property>
        <property name="FormatType">Numeric</property>
      </property>
      <property name="MinWidth">20</property>
      <property name="MaxWidth">0</property>
      <property name="UnboundDataTypeName" />
    </property>
    <property name="Item11" isnull="true" iskey="true">
      <property name="Name">colRefundTotal</property>
      <property name="OptionsColumn" isnull="true" iskey="true">
        <property name="AllowFocus">false</property>
      </property>
      <property name="Caption">REFUND TOTAL</property>
      <property name="ImageAlignment">Near</property>
      <property name="ImageIndex">-1</property>
      <property name="FieldName">RefundTotal</property>
      <property name="ColumnEditName" />
      <property name="Width">75</property>
      <property name="DisplayFormat" isnull="true" iskey="true">
        <property name="FormatString">c</property>
        <property name="FormatType">Numeric</property>
      </property>
      <property name="MinWidth">20</property>
      <property name="MaxWidth">0</property>
      <property name="UnboundDataTypeName" />
    </property>
    <property name="Item12" isnull="true" iskey="true">
      <property name="Name">colShipmentCourier</property>
      <property name="OptionsColumn" isnull="true" iskey="true">
        <property name="AllowFocus">false</property>
      </property>
      <property name="Caption">SHIPMENT COURIER</property>
      <property name="ImageAlignment">Near</property>
      <property name="ImageIndex">-1</property>
      <property name="FieldName">ShipmentCourier</property>
      <property name="ColumnEditName" />
      <property name="Width">75</property>
      <property name="MinWidth">20</property>
      <property name="MaxWidth">0</property>
      <property name="UnboundDataTypeName" />
    </property>
    <property name="Item13" isnull="true" iskey="true">
      <property name="Name">colId1</property>
      <property name="ImageAlignment">Near</property>
      <property name="ImageIndex">-1</property>
      <property name="FieldName">Id</property>
      <property name="ColumnEditName" />
      <property name="Width">75</property>
      <property name="MinWidth">20</property>
      <property name="MaxWidth">0</property>
      <property name="UnboundDataTypeName" />
    </property>
  </property>
  <property name="ViewCaption" />
  <property name="BorderStyle">Default</property>
  <property name="SynchronizeClones">true</property>
  <property name="DetailTabHeaderLocation">Top</property>
  <property name="Name">gridView</property>
  <property name="DetailHeight">512</property>
  <property name="Tag" isnull="true" />
  <property name="GroupSummary" iskey="true" value="0" />
  <property name="ActiveFilterString" />
  <property name="FormatRules" iskey="true" value="0" />
  <property name="SortInfoState" iskey="true" value="1">
    <property name="Item1" isnull="true" iskey="true">
      <property name="Orders">Ascending</property>
      <property name="Columns">colOrderDate</property>
    </property>
    <property name="Content" isnull="true" iskey="true">
      <property name="GroupCount">0</property>
    </property>
  </property>
  <property name="FormatConditions" iskey="true" value="0" />
  <property name="GroupSummarySortInfoState" />
  <property name="FindFilterText" />
  <property name="FindPanelVisible">false</property>
</XtraSerializer>