﻿<?xml version="1.0" encoding="utf-8"?>
<Application>
  <Views Id="Views">
    <DetailView Id="Customer_DetailView_Child">
      <Layout Id="Layout">
        <LayoutGroup Id="Main">
          <LayoutGroup Id="Auto69942e97-e67a-46fc-be02-20a4e1119c26">
            <LayoutGroup Id="Auto470bf61b-04f7-459d-9328-6a6d07b1e0f8">
              <LayoutItem Id="BillingAddressLine" RelativeSize="16.120218579234972" />
            </LayoutGroup>
          </LayoutGroup>
        </LayoutGroup>
      </Layout>
    </DetailView>
  </Views>
</Application>