﻿<?xml version="1.0" encoding="utf-8"?>
<Application>
  <Views Id="Views">
    <DetailView Id="Customer_DetailView_Child">
      <Items Id="Items">
        <ControlDetailItem Id="CustomerLayoutView" ControlTypeName="OutlookInspired.Win.UserControls.CustomerLayoutView" />
      </Items>
      <Layout Id="Layout">
        <LayoutGroup Id="Main">
          <LayoutItem Id="CustomerLayoutView" Index="2" RelativeSize="1.5311004784688995" />
        </LayoutGroup>
      </Layout>
    </DetailView>
  </Views>
</Application>